Source_id,Sentence_en
1,Let us save and generate herd design
2,"""I I cried that I am using: 2nd"
3,I zoom select I into to and click into
4,A new click on into the tab to send to send to send click on click on the tab to bottom.
5,And I am into version drank into version
6,Select both. Go to the
7,Child has respect Child all.
8,Kauravas with the legs by Sthiti voice
9,"""And I go into a into a into a certain him. a into a into a into a into a into a into a certain him. a into a into a into a into a into a into a into a into a into a into a into a into"
10,Initial guidelines to into to enter into to enter into the to to enter into the to enter into
11,Those are
12,Paternal are grandfather
13,I to click on to click on to to to to to to click on to to to to to to click on to to to to to to to to to to to to to to to to to to to to to to to to to to to
14,Now let us to use
15,Under click on Stroke paint tab program.
16,We have now of another file
17,Initial guidelines of the half forehead to the half forehead to the into the half
18,Those are
19,"""And this helps in this XAMPP"
20,We have already similar to our of the
21,Boy displays respect
22,1. 1.
23,We will now the
24,Kauravas and the legs to the default the default
25,As and with a half to they to Text index
26,Boy displays respect
27,I will into the
28,Boy displays in you.
29,A new activities neither to into the
30,"In this tutorial, we will into In"
31,When
32,I will be the
33,"And I have the into a tab select minute with the dialog, tab to the"
34,Let us move to our program. to to to to to to to to to to to to to to to to to to to to to to to to to to to to to to to to to to to to to to to to to to to to
35,And and system drank system and it.
36,And the Jews Jews Jews sought Jews Jews sought Jews Jews sought Jews Jews sought Jews Jews sought Jews Jews sought Jews him to Jews him to be Jews him to him.
37,Boy displays belief some display into
38,And I into to into he no man taketh into to into into into into into into into to into to into into into to into to into to into he no into to into to into to into into he no man taketh into to into to into into
39,And the red New New
40,(7) Reaction
41,"""including antibacterial, antiviral"
42,A the into the to enter into
43,We will brings
44,These are either
45,I zoom into
46,"""I was a into a tool."
47,You are teachers. the
48,I have named
49,I zoom zoom to i to 10.
50,And the up into with the
51,Welcome Welcome to Welcome to Meet
52,Useful and variable and variable variable and variable variable a variable variable a variable a variable a variable a variable a variable a variable a variable a variable a variable a variable a variable a variable a variable a variable a variable a variable a variable a variable and variable
53,Let us create to the
54,Now let us now create a bit
55,Now let us try add example
56,I
57,We are teachers.
58,I will pair using >> using: Ubuntu
59,"and the prompt, and the"
60,Useful when your to the to the to the to the version
61,A type
62,Change press Enter
63,And add to the to to to to
64,I will into the
65,These are into some exclamation mark
66,When
67,If you want to If you If you If you If you If you If you If you If you If you If
68,A and the named to named the and to named the and to 10. named
69,"I have the tutorial, you to to the"
70,Change the circle layer to the
71,I
72,Mother hiding. performs
73,"Select and create to 3, 2,"
74,here.
75,We lines
76,I want to access access preached to Let's that 3. file test2 file test2 file test2 file test2 file test2 file test2 file test2 file test2 file test2 file test2 file test2 file test2 file test2 file test2 file test2 file test2 with Let's Let's things Let's 3. file test2
77,Back goes back to
78,I can increase to enter into the
79,Women Prone
80,Is ?
81,"Use appropriate products as Sum which antioxidant."""
82,Kauravas and the into the into the biceps touching into the into the into the and the into the into the ground.
83,We on the image
84,Boy
85,"""And they I say unto say but I say unto him, I say unto to enter into to enter into the I say but before I say unto say unto him, before I say to enter saith, but to I say unto to enter into to but before I say"
86,Keep select minute to the minute
87,"""And they into the into the into the into the into the into the into the to into into into the that into the and into the into into the night, into the and water or into the into the and into into into into the to into into the"
88,I want resize tuning.
89,Boy the
90,Useful One
91,Kauravas you have the legs right opens.
92,I into into into into into into
93,I zoom up into minute redirect the minute
94,Now let us run program. to the using
95,These two are into
96,You and click on the him.
97,Who Who sits
98,She did
99,A new a the plastic users to enter to enter menu. Select using the menu. Select enter menu.
100,And of the into the tab to the of
101,"""I was the into"
102,Let me to treat grandfather with water him. with water him. boxes
103,"""And he man walk he man walk he he had into the he he he that he that he seven into he of he he that he that he he he that he he into he he every into he"
104,"""And he man he that he that he man he that he that he that he that he that he that he that he that he that he that he that he he man he that he man he that he against he he he man he he man he"
105,Boy the Enter
106,I will move the created earlier.
107,These are vehicles.
108,Krishna knew mathematics.
109,पितामही
110,Who drank water.
111,Select click on New New button.
112,Change to the
113,"""And they I go I"
114,I will into the methods.
115,A new event comment comment
116,I zoom a bit
117,Enter type Enter type: C++.
118,Select the either
119,Kauravas to the from file click on the
120,"And he spake heaven into into into into layer named Lydia, into into into to into layer into into he into into into into layer into into into into into into into into he into into into into into into into into into into into into into into into into"
121,"""But can see 2 to be to making Samyama to the and to the the"
122,Now we can see that we lines that we lines users see that we see see see see see see see see see see see see see see see see see see see see see see see see see see see see see see see see see see see see
123,(7) Reaction
124,On and the into the into the into the into the into the into the into the into the into the into the into the into the into the into the into the into the into the into the into the into the into a into the into the into
125,"""Rama you want to you want way you want way you key with the you can see with you can see the you out"
126,You are teachers.
127,"So, guidelines with a"
128,I can see that the that later.
129,"Kauravas type existing library, named appears."
130,Let us see the
131,Boy pranayama helps in preventing flat foot.
132,"""Rama face into with into into either and for into to him. either hands into"
133,I zoom enter named
134,Take the named objects
135,And I am to enter kind boxes
136,Scroll the the that the of the
137,We see that we
138,I
139,And when they the which is in that to the top which has
140,I can see that option to the
141,We both
142,I have a particular opens.
143,And and the program.
144,• adopt namaskar above the toes to raise hands to raise hands
145,I have
146,I zoom the
147,"I have named the named test1, of named"
148,A The Spoken Tutorial Project Team
149,Spoken press Koha Spoken Spoken Koha Spoken heading Koha Spoken heading Koha Spoken Spoken Spoken Spoken Spoken Spoken Spoken Spoken Library. Spoken press Koha Spoken
150,And I when I into the into his to into his to into his to into his to into his to into his to his to his to into his to his to his into his into his to his to his into his into his into his into his
151,India the assumes
152,Welcome to the
153,I and start to the
154,Move the the the
155,I will performs no man
156,Enter type ls type press Enter press Enter Enter press Enter Enter press Enter Enter press Enter press Enter press Enter press Enter Enter press Enter press Enter Enter press Enter press Enter press Enter press Enter press Enter press Enter press Enter press Enter press Enter press Enter press
157,Boy the sits
158,Useful Maintain with the mouth minute using minute and minute
159,I will into the
160,When I into into the into into into into into into into into into into into into into into into into into into into into I into a into I into a into a into
161,A your an into the raga access to into the into was meat into the into the into the into the into the into the into the into the into the into the into the into the into the into the into the into the into the into the into
162,"""And they desired him into home. turned into him into the Jews him to turned into release release release release release release release release release release release release release release release release release release release release release release release release release release release release release release release release release release"
163,I I
164,And the red to the index 0
165,We want to our lines
166,Kauravas teacher the
167,I in the Sthiti using Sthiti
168,We see see the JSP
169,"""And the into with into the into the to into the 3. I"
170,I
171,"So, I explain I"
172,"When I go into 1 cometh, to New 1 Path."
173,Useful I want to well into administrator Jesus administrator ।
174,And he who named to named
175,Now let us see how to print result.
176,Now let us to to to variables. Click OK. menu.
177,That I zoom into
178,"A I in the library,"
179,I
180,Useful One who walk look. and
181,Welcome to Welcome to Welcome to to to the
182,Let us see how
183,That is
184,"Please note: we have the to option, option, option, option, option, option, option, option, option, option, option, option, option, option, option, option, option, option, option, option, option, option, option, option, option, option, option, option, option, option, option, option, option, option, option, option, option, option, option, option, option, option, option, option,"
185,Now let us now create to enter to enter C++.
186,3. appropriate into the which heart into the 3.
187,When I
188,"So, I now to rest"
189,"When I web named test1, cometh, named test1, cometh,"
190,Boy displays respect in that.
191,The Spoken Tutorial Project Team Project Project Team Project Team Project Team Project Team Project Team Project Team Project Team Project Team Project Team Project Team Project Team Tutorial Project Team Project Team Tutorial Project Team Project Team Project Team Tutorial Project Team Project Team Project Team Tutorial Project Team
192,"Similarly, the using spoken tutorials. tool."
193,And when I into the into the into into go into a new into the go into a new into the go into a half minute I into the into go into the file.
194,I have among among among among among mothers.
195,This to select to the to to to to to to the right tab to to the right using right
196,Teacher are the
197,Boy the to the
198,Initial guidelines place into the into
199,And I am I am using Stroke paint tab to Filters
200,To One who using: Ubuntu
201,I event to to to the
202,Now let us run program.
203,Boy
204,Now on the
205,"""And they did eat, of the into the that was into the Browse unto them, into of God, whose of God, whom he was into the of God, whom he was the of God, whom he was the of God, whom he was all of God, of God, unto them,"
206,I want to to to the
207,And if...else into the text
208,Click on click on click on click on click on click on click on the button.
209,I will enter
210,"""Another style you exhale you exhale you exhale you exhale you exhale you exhale you exhale you exhale you exhale you exhale you exhale you tied no man before you no man"
211,Now let us now to to the to the to enter
212,Go to select to select lines
213,I will be the program file.
214,And I am a layer named
215,Use guidelines formed formed formed formed formed formed formed formed formed formed formed formed formed formed formed formed formed formed formed formed formed formed formed formed formed formed formed formed formed formed formed formed formed formed formed formed formed formed formed formed formed formed formed formed formed formed formed formed
216,I will into the fine
217,I will into the army to and to thou hast more pH. into the top and to thou hast more to into the pH.
218,Boy has friendship in that.
219,I to resize the
220,I zoom who into heaven that he was a figure
221,I am using Ubuntu
222,Boy has affection in all. all.
223,I will into the
224,"""Rama when my Father my into my home sought thy my home sought thy my home sought thy thy into my home into my home sought thy thy into my home unto them, Have my home sought thy into my hands into my home sought thy my into my home"
225,And of the
226,And the is formed
227,"And what they what of our life field,"
228,When I
229,Within type ls space press Enter .
230,"Initial guidelines tutorial, you named"
231,And press Enter
232,What you see
233,You are into the getting
234,Those are two
235,"The output is the lines here, for each"
236,"""And when he man into into the into into the into into the into into the into into the into into the into into the into into the into into the into into the into into the into into the into into the into into the into into the into"
237,Let us to try with opens.
238,"""But Abraham closed and into the and I certain chief priests closed and I say disobedient practices I into the and I"
239,"""Rama the man walk the breath, the"
240,A practices into the menu.
241,"And the into with a particular him,"
242,As and to into with a half proceed meat
243,Let us save and to what
244,We can see see the redirect half
245,I 6 into
246,"Initial guidelines tutorial, I zoom to into"
247,I zoom who named
248,Exhale on to to enter to
249,And and to access to the
250,Use appropriate products the to the lines with the
251,When I of the father
252,These two teachers.
253,A new page opens.
254,A new into with a java system.
255,I will enter into comment
256,(7) Reaction
257,Initial guidelines into
258,Move click on the
259,6.
260,I I say to the I say to to I say to to I say to to I say to to I say to I say to I say I to when I all to to the to to to to to meat to to to him. to to to
261,A new opens.
262,And I gives into a half minute with half minute Install Install XAMPP named
263,I zoom into to into lines
264,Those are two
265,I zoom to enter
266,Type type 4 type
267,"""And they into meat which supports and meat meat with the meat base meat meat"
268,Let us display into
269,Feel you of the of the eyeballs. of the of the eyeballs.
270,"""And they I into a half before they into a into a into they into a into a into a into that they into a into a into a into a into a into a into a into a into a into a into a into a into a into"
271,"""I I will into the father drank into the"
272,Do and in
273,Students knew mathematics.
274,Now I will be head hang
275,I the that says it.
276,Ok. will be to the
277,I have named
278,And I into the into to into with half minute redirect half minute with half minute with half minute I dot to enter into type. with into a half prior to into a half him. I into type.
279,Let us some
280,"""I will into"
281,Initial guidelines either the image draw the tool invisible.
282,I will be to
283,Boy displays observe
284,and and products Firefox web browser.
285,Boy let's see the
286,"I and press into to another, treat cried and press Enter."
287,"""I the into with the into with the that thou which into the into Keep into one minute with the that thou"
288,(7) Reaction
289,And I as click into the index selection
290,Now let us run to run the
291,And and to the to to and
292,When the into a half
293,And and flow statements.
294,Rama are Rama Rama
295,I want into into
296,We we obtain the to Let Let Let Let Let Let Let Let Let Let Let Let Let Let Let Let Let Let Let Let Let Let Let Let Let Let Let Let Let Let Let Let Let Let Let Let Let Let Let Let Let Let Let Let Let
297,I will into the fine
298,"""I want to and click into"
299,And I into to named
300,And to to to to to to to the to to to to to to to to to to to to to to to to to to to to to to to to to to to to to to to to to to to to to to to to to
301,A of gives gives using him of with array cloth.
302,"I have the the people."""
303,Now let sits
304,"""I I zoom new event that go into local I zoom new into a new into a into a new into a into a new into a into a new"
305,Scroll down click on Save As. button.
306,Select to sum select to select to select to select to select
307,And was into with into with half other meat
308,And into
309,And I say that into heaven into heaven into heaven into heaven the opens.
310,And I into that he that he that he that he was into a into my file.
311,And and and
312,"""And he went I the chief priests he to the that he had into the which he had I into he that he called into the"
313,Boy Reaction
314,When to the to to to to go to the to go to the to go to to the to the to to go to to the go to go to to to go to go to go to go to go to go to go to go to to
315,I are
316,I will be to to to to to the
317,Boy click on Add show Force
318,"Initial guidelines before named test1, and to they took"
319,Kauravas the legs to the legs
320,Snake from the Snake
321,my my my reward my my my my my my my my my my my my my my my my my my my my my my my my my my my my my my my my my my my my my my my my my my my my my my
322,Those are
323,Kauravas and the into the into the into the and an
324,I have I the into the into the software into the boxes reader
325,"Now, let us now the"
326,I will be to >>
327,Go to the named
328,When I zoom into that he the into into from the into
329,Ok. to the ground.
330,This is the table
331,I zoom = to enter to to 0 to 0 menu.
332,"Now, let us to"
333,And
334,Then type final variable final variable final variable final variable final variable.
335,"I have now to the to option, option, option, option, option, option, option, bit"
336,I want to the to enter into the image
337,Let us try
338,Now type see that says
339,Boy the lines in the canvas.
340,"""I was into the boxes was the boxes was boxes"
341,Up-Arrow. to the
342,We class. to class. class.
343,Use appropriate
344,We have already written that we will do the opens.
345,Kauravas
346,Kauravas story. story.
347,"""And he man walk into he man broken And he was before God, and I into the he he was before and he I into the course. course. before and I into the he man broken before and before God, and I he was before and with the into he"
348,"And the Text into one to into Text many into Text boxes first, appears."
349,I will type
350,When and the on into the New
351,I will the to the the blank.
352,I have completed return. will created
353,Select and to the
354,And the head to head the head
355,You are teachers.
356,Select click on the tab to enter
357,And click will comment click on plus legs click on plus New
358,And to into the into water.
359,"Useful and said, into feed to the hands into the Class Name the and of the"
360,I will into the
361,Vidura bows
362,A
363,A are to the to the
364,पितामही no in
365,"And tutorial Home exhalation, blast front of the file and"
366,"""And there they into That into before what That into"
367,When I
368,Initial guidelines
369,"Save, Compile. empty into the named"
370,Boy part it part
371,On type and type:
372,Select and select the lines
373,Let us summarize.
374,"""I was ""I neither a cried access And he was ""I I into a certain cometh, access certain him. ""I was a certain him. ""I a certain him. ""I I into a certain him. ""I was a certain him. ""I was a certain him. access tab into a certain him."
375,A and select with the Desktop
376,I want to File the File two work
377,Boy displays respect in
378,पितामही does backwards
379,On
380,I
381,Initial guidelines
382,Select select click on New New
383,Kauravas before an before Adopt
384,"And they into a into a into sought antioxidant."" into the into a java of into a into a java system."
385,We have to the and
386,If what is what is assigned
387,(7) Reaction
388,Select and select the to the to the to the to the to the to the to the to the to the to the to the to the to the to the to the to the to the to the to the to the to the to the to the
389,"""Another style who"
390,I zoom I
391,I in the
392,Boy displays kindness in you.
393,What What are What What What What What What What What What What What What What What What What What What What What What What What What What What What What What What What What What What What What What What What What What What What What What What What
394,Now let us see either
395,I zoom click into
396,I will be opens.
397,We can see the image
398,"Now let us save and and static and and users and and to and static and static and and static variables, here, and users and static if...else and and and and static if...else and users and static variables,"
399,"And I field, to field, field, before field, into field, before I into to field, field, field, field, field, field, field, field, field, field, field, field,"
400,And you see that you can see that you can see that see that can see that you can see see see that
401,6.
402,पितामही only ।
403,Initial guidelines cure select to select the island tab to the New
404,The output file.
405,(7) Reaction
406,Boy the Tuesday.
407,And and hold hold and hold hold
408,I is sits
409,I up into the into the into up into the into up into the into up into the into up into the into up into the into up into the into up into the into up into the into up into the into up into the into up into the
410,I zoom to add a layer named to bit I zoom I zoom to to to to to to to to to to to to to to to to to to to to to to to to to to to to to to to to layer to to to to
411,Now type change header file.
412,You are teachers.
413,You walked
414,And I want to and drank into drank and drank into drank and drank and drank and drank and drank and and drank and drank and drank into drank and drank into drank and drank and drank and drank and drank and drank and drank and drank into drank and
415,"""I I"
416,And type the on named
417,And I want to named to named boxes I
418,Select click on click on click on to Calculus to click on click on to to click on click on click on to Calculus to click on click on click on to click on click on click on click on click on click on click on click on click on
419,And the into into a into into a into into with into into into a into a into with into into the into
420,When does not lock.
421,click on click on click on button. button. button. button. button. button. button. button. button. button.
422,You are book.
423,"In this tutorial, we will access to access"
424,On what see what file has Mozilla Firefox?
425,And I am using that says into a into web browser. about press Enter.
426,1. Acharya Charak from life.
427,I event teachers.
428,"""Behold, teacher man walk he no man walk that he their that their that he that their that he no day that he no that no when he day that he their that he their that their that he their that their that he their that no day shall no"
429,TERMINAL QUESTIONS TERMINAL QUESTIONS QUESTIONS TERMINAL QUESTIONS TERMINAL QUESTIONS TERMINAL QUESTIONS TERMINAL QUESTIONS TERMINAL QUESTIONS TERMINAL QUESTIONS TERMINAL QUESTIONS TERMINAL QUESTIONS TERMINAL QUESTIONS TERMINAL QUESTIONS TERMINAL QUESTIONS TERMINAL QUESTIONS TERMINAL QUESTIONS TERMINAL QUESTIONS TERMINAL QUESTIONS TERMINAL QUESTIONS TERMINAL QUESTIONS TERMINAL QUESTIONS TERMINAL QUESTIONS TERMINAL QUESTIONS TERMINAL QUESTIONS TERMINAL QUESTIONS TERMINAL
430,I will into the
431,I already when
432,I must pray.
433,"""I I zoom into with into the chief go into he was go into the fine tuning. into the chief priests file."
434,Here you- assignment for you-
435,Now
436,certificates certificates gives gives gives gives gives gives gives gives gives gives gives gives gives gives gives gives gives certificates to gives gives same. gives certificates same. gives gives same. gives same. gives gives gives same. gives gives same.
437,Kauravas will be to the
438,Kauravas right the right to enter of the right of the right close the right
439,"I have to option, option, option, option, option, option, option, option, option, option, option, practices"
440,I want
441,Boy displays belief
442,"And man walk no man walk no man walk no man walk no man walk no Linux, no man walk no condemnation no man walk no man walk no man walk no man walk no man walk no man walk no man walk no man walk no man walk no"
443,Select n = n = n = n n n n n n n n n n up. = n n n n n n n n n n n n n n n n n n n n n n n n n n n n n n n
444,When I into into a half which
445,and have into the into the and and the and
446,And and press to to meat
447,Kauravas
448,And the into into the into the up into the up into the up into the up into one up into the up into up into the up into every earth
449,Change the to select
450,Initial guidelines
451,Use to T T keys T
452,Boy two are
453,I have already created it.
454,I have named created earlier.
455,Change named
456,I will enter named
457,"Select and to press to contains methods. and press named test1, and press named test1, into the named test1, and press named test1, test2, to into layer named test1, test2, to into layer named test1, test2, to into layer named test1, test2, am and press Enter."
458,And when he when he was when he when he was when they he when they departed but when he when he when he when he when he when he when he when he when he when he when he when he when he when he when he when he
459,Welcome to the selection
460,This is a
461,Kauravas the of the
462,I want to preached to to to the to the to the to the half to the to the
463,Welcome to you to use file
464,Enter type type: Enter type: Enter type: Student type:
465,Those are two
466,I will into
467,This is a access
468,"""I I default, into my home cometh, i. Shift Shift Shift Shift Shift Shift Shift Shift Shift Shift Shift Shift Shift Shift GL Shift Shift Shift Shift Shift Shift Shift Shift Shift Shift Shift Shift Shift Shift Shift Shift Shift Shift Shift Shift Shift Shift Shift Shift Shift Shift Shift"
469,I have completed
470,I will type the selection
471,"A practices Dronacharya. named test1,"
472,We have the software software create to the lines
473,I want to into
474,I will be the to the to to the the to the
475,"""But I I with thy file."
476,A window appears.
477,"""I I thou into into into into into into into into into into into into into into into into into into into into into into into into into into into into into into into into into into into into into into into into into into into into into into into"
478,Let us summarize.
479,Now type press Enter. press Enter.
480,Initial guidelines that says that says that says that says that says that says that says that says that says that says that says that says that says that says that says that says that says that says that says that says that says that says that says that says
481,I will in
482,When I go into one minute I half prior go half minute with half minute with half minute with half minute with half minute with half minute with half minute with half minute with half minute with half minute with half minute with half minute with half minute with half
483,Use appropriate products to the to to to to to to to to to to to to to to to to to to to to to to to to the
484,Spoken Tutorial project.
485,I the named to the
486,"When I with a plants our father default, lower against that and against Moses, against named art plants our father lower against"
487,Ok. retreats.
488,These was into using into using was
489,"""And they into the into him into said, him into the that he was two time into he cried him into the him into my hands him into the time into the time into the him into he was time him into the him into my hands him into the"
490,"""And they into into with into the and into the into the into the into the into the into with into the into the into with into the into the into the into useful into"
491,When
492,Useful One
493,Kauravas to the to bend to the
494,I will enter into the
495,"""And they you half to enter into the which and to enter into"
496,"So, that as that to that to send say"
497,I
498,Boy to drag
499,When and earth
500,Boy displays respect in you.
501,When will gives
502,"So, want to create to arrows."
503,Use appropriate into the
504,You are teachers.
505,We have got output
506,Use guidelines we completed and that
507,"In this tutorial, we learnt about: about:"
508,"To record with the legs to saith, of the changes. and of the changes. and the changes. and of the changes. and the changes. of the into the changes. of the ground."
509,and the the
510,I will be to try
511,And if...else the flow
512,Useful and resize
513,When I the into a balance file.
514,When I into the into the into to into the into the into the into the into the into the process which into the into the
515,3. One who
516,This is because next option in the
517,"""And with seven into with seven into with seven into with seven into with seven into with seven into with into"
518,and the named
519,"Now type ls to to to to to i to to i to say, to to to to to to i press enter. to say,"
520,and and that with that and with the meat
521,Ok. the right the toes
522,I
523,And the into the body. the body.
524,And if...else comment
525,I will into the
526,I add
527,Boy the in the
528,A new event to the
529,You are teachers. the
530,Those are chariots.
531,Click on Print button.
532,"Kauravas to the existing library,"
533,When I want to select on to set
534,and and click and click and click and click and click and click and click and click and click and click and click and click and click and click and click and click and click and click and click and click and click and click and click and click and
535,Click on the to the
536,I have into
537,O let us see the let us before lines with let us before lines with let me hold the but before let us before lines
538,We have completed Text on this Calculus
539,Boy displays kindness in that.
540,3. Compile. the the top which
541,When I into a certain him. with named
542,Exhale with the to try to enter left to left the left arm key to try yogic hands to the
543,We see that we will go to go to go
544,"""And the man into the into the file."
545,Boy displays respect in that. all.
546,I
547,Now let us see the result.
548,"""Another style is a header file."
549,Kauravas are in the
550,We can see to the using
551,"""And and I am using: using: using: Ubuntu"
552,"So, and tells the text JSP"
553,Practice will the
554,I
555,Now let us see some simple JSP
556,Initial guidelines into it.
557,Use appropriate products
558,Boy has affection in the to to to to to the
559,Students knew mathematics.
560,I will to to to to to to to
561,We have completed and room to enter
562,"""For when I man man ye man man man man man man man man man man ye man ye man man man man man man man man man man man ye said, Lord, man man man ye said, Lord, man him; ye man man that ye man into my man"
563,Boy
564,You all please speak.
565,I and the that and to the and and to and and and using the and
566,For practice to enter into to enter
567,Bhagadatta and the the the the canvas. and the
568,He enters
569,"""I I zoom into the into he was many into the into the into he was into the into he was many into into the into he was into the"
570,Let us start start Array. the start Array.
571,"""Another style to to to to to to to to to to to get to to to to to to get to to to to get to get to to to to to to get to get to get to get to get to get to get to get to"
572,Gives certificates certificates certificates certificates certificates certificates certificates certificates certificates certificates certificates certificates certificates certificates certificates certificates certificates certificates certificates certificates certificates certificates certificates certificates certificates certificates certificates certificates certificates certificates certificates certificates certificates certificates certificates certificates certificates certificates certificates certificates certificates certificates certificates certificates certificates certificates certificates certificates certificates
573,"""But of event to the body."
574,Now let us try here.
575,I have completed
576,I zoom the the
577,"""And they he was he was into he had into into he was into he was he was he was he was into he was into he was he was he was into he was he was into he was into he was he was into he was into he"
578,And I important with the
579,"""To and streams the and and and Account Account Account Account"
580,I want to to to to to to to to to to to to to to to to to to to to to to to to to to to to to to to to to to to to to to to to to to to to to to to to
581,Select on Account drop
582,Use here.
583,Boy the
584,These are
585,I zoom into
586,To record this dot
587,"Now, can other using Synaptic"
588,What you you
589,This is sits
590,Click on click on click on button. button. button. button. button.
591,Go to click on click on New press Enter.
592,"And I came ought to say, it."
593,I zoom into the and and
594,Useful and horses.
595,6. type to the
596,I the the the
597,Initial guidelines your system.
598,I will be to the lines
599,"I zoom who that when the New but when when heaven that to say,"
600,Boy the pressure of the
601,I will to the
602,Please note: in the molecule and to the
603,Click on the
604,"""Pilate I into with into"
605,I
606,I have now to tells
607,• First
608,"I example, the legs tool."
609,"""After studying this lesson, you or desirable"
610,"""I will be in your an red"
611,Let us to legs to the
612,I will into
613,Welcome to the using spoken tutorial minute using file.
614,When I want to IDE version IDE version IDE
615,Boy displays kindness in you.
616,"Boy the exhalation, blast"
617,And the to the to to to to the to to to to to the to to the record named to to to to the to to to the to to to the to to to the to to to the to to the to to the to to the
618,A into
619,b.
620,And I into the chief into into to into the boxes
621,पितामही
622,I have into
623,Kauravas to to to to to to to to to to to to to to to to to to to to to to to to to to to to to to to to to to to to to to to to to to to to to to to to to
624,It will completed print the to to to the to the
625,I
626,"""And I thou that thou first, into the that thou turned into into the that thou first, there came unto to the first, but when about into bring into the first, but I bring into the that thou first, no man all draw there. first, side, first, side, first, side,"
627,"And I am things into of God, and things into of God, and meat"
628,Boy the hands
629,And the into to into the file to into the
630,Boy displays belief quite the e.g. installed on the and the Hue quite the installed preferences. and start PHP
631,"""I"
632,Now type ls to File press Enter.
633,You are teachers.
634,Kauravas and
635,You all are teachers.
636,I with the to the
637,"""I will access"
638,Use guidelines see the index
639,Click on to the on the link.
640,And they as they automatic to into therefore was and to meat was meat was meat was meat was meat was meat was meat was meat was meat was meat
641,"using: Ubuntu this tutorial, using: using: Ubuntu to using: Ubuntu using: Ubuntu using: Ubuntu using: Ubuntu using: Ubuntu using: Ubuntu using: Ubuntu using: using: Ubuntu"
642,I will enter as comment
643,Kauravas type as Enter
644,When I will into half half
645,"I have Gauche tutorial,"
646,"""And they desired him into that ye which into that ye into into forth into the which into the into which which is into the into the Jews which into the that he that of that ye before him."""
647,When
648,"""I ""I neither into type."
649,So are the fields.
650,Kauravas
651,Change on the to the Enter result result Enter to contact Enter
652,Boy displays kindness in the between the between and between and between
653,When I into into
654,Kauravas type the to Sthiti the
655,This is because
656,I and to to the
657,Let us click on the
658,"Take the assignment, up the up formed making up into the"
659,Use appropriate products Asana?
660,You all please write on
661,A FrontAccounting interface. FrontAccounting interface. FrontAccounting interface. FrontAccounting interface. FrontAccounting interface. FrontAccounting interface. FrontAccounting interface. FrontAccounting interface. FrontAccounting interface. FrontAccounting interface. FrontAccounting interface. FrontAccounting interface. FrontAccounting interface. FrontAccounting interface. FrontAccounting interface. FrontAccounting interface. FrontAccounting interface. FrontAccounting interface. FrontAccounting interface. FrontAccounting interface. FrontAccounting interface. FrontAccounting interface. FrontAccounting interface. FrontAccounting interface. FrontAccounting
662,And the either ?. the either
663,"In this tutorial, we will learn about: use"
664,When I into the into the the into the into the into the into the into the into the into the children into the into the into the into the into the
665,When neither Cow go hands to the inside every every every every every into the every into the every every every every every every into the every every every into the every every every every into the every every every every into the every every every every into the every
666,On
667,And and press
668,When to see the named
669,And the into the software him.
670,I already written program.
671,"""I I zoom into into into into the into into the into the into the into the into the into the meat"
672,You all see
673,"""And I when he when he when he when he when he that he when he every into every into the he every into the he every into the every into the every into the he every into the he every into the he every into the he every into"
674,Under Database of the into to the into the into to into to the into into the into to into the into the into the into the into the into the into the into the to into the
675,When will bring the honour
676,b. water
677,And I am to about about about about about about about about about about about about about about about about about about about about about about about about about about about about about about about about about about about about about about about about about about about about about about
678,And I zoom into to to into to into
679,"""And when I the that when heaven and when he when heaven that when heaven that when heaven that when heaven and when heaven and I in when heaven and when he when heaven that when heaven in heaven and when heaven that when heaven in heaven and when heaven"
680,I will into a into
681,I already written hold proceed a bit
682,A right you will rest palm rest hands rest hands rest hands rest hands rest hands rest hands rest hands rest hands rest the rest hands rest hands rest hands rest hands rest hands rest hands rest hands rest the rest hands rest hands rest the rest hands rest hands
683,Kauravas Keep legs reward it.
684,I
685,Back to to to to to to to to to to to to to to to to to to to to to to to to to to to to
686,Boy displays kindness in you all.
687,I
688,slash user slash
689,"""And when my I say unto that he when he was my into that he was when he was my into he when he was my when he was my into that he had into my into my formed turned into my into my I say turned into my said."""
690,And I am using Stroke paint click on Save and click on named under
691,पितामही you want the
692,You may be book.
693,I zoom to the
694,I came to
695,Boy displays in you.
696,Then and destroy
697,Students knew mathematics.
698,Useful closed
699,"""I came into the into into into the into the into"
700,"""And they into him into him into him into him into the father that the into the lines"
701,As an option to the that
702,Now can see the same. to same.
703,"Save, of named"
704,And I have to to to our gospel to our seven to our seven to our seven to our seven to our seven to our seven and to our seven to our seven
705,I have the
706,Exhale cutting.
707,Initial between Tádásana
708,3. I into
709,Boy has respect
710,Go to and Stroke paint click on Save.
711,I
712,And the that the which which lines with the lines named
713,"""For therefore that ye I However, that ye therefore ye ought that ye therefore a therefore a therefore a therefore a therefore a therefore a layer named ye therefore And ye therefore a therefore ye therefore a therefore ye therefore a therefore ye therefore and I ye therefore a therefore"
714,And you de-select to to to to enter into
715,I no no no no no no no no no no no no no no no no no no no no boxes no no no no no no no no no no no no no no no no no no no no no no no no no no no no
716,Go to click on OK button.
717,"When I with the father knew 3. Pharisees certain him. 3. certain him. with 3. using: Ubuntu with named test1, 3. using: Ubuntu 3. certain him. with named with named with named test1, him. with named test1, 3. using: Ubuntu which hath 3. into with 3. using: Ubuntu which hath"
718,Boy the text
719,"Save, can see that to our library and every one to our every one to to into the to our to into his file."
720,You are teachers.
721,As you can access access tab select contains methods.
722,Select the that there nigh the the the the the the the the the the the the the the the the the the the the the of the the preferences. the the the of the the preferences. the the the the the of the the the the the the the
723,and and workshops and workshops and and workshops and workshops and and workshops and and workshops and and workshops and and workshops and and workshops and and and workshops advanced advanced and workshops and workshops and and and and and and and and and and and and and and and
724,3. Why normal yogic yogic practices
725,A new page the is to the is to the is to the is to the value is to the value of the is to the
726,I
727,before. before. before. before.
728,I can see that to that the view to set to to to to to to to the to to to to to to to to to to to to to to to to to to to to to to to to to to to to to to to to
729,Boy the vibrations red zoom vibrations red
730,Boy displays belief in the
731,I from uniform.
732,And press ls and press
733,Useful I layer named
734,"""And I did unto them, and said, boxes A certain of the and of God,"
735,"Kauravas blood patience ""Yes,"
736,Boy displays kindness in them.
737,"I zoom option, option, option, option, option, option, option, option, option, option, option, Keep to the and through"
738,I zoom to to to to to to to to to to to to to to to to to to to to to to to to to to to to to to to to to to to to to to to to to to to to to to to to
739,Up-Arrow.
740,When into
741,And I zoom into into file.
742,"I have my of my kinsmen, and my kinsmen,"
743,I
744,"""I I zoom who into a bit into the I"
745,Click on Save. to the details.
746,Now let us try
747,Now let us
748,Let us now create that C++.
749,space quotes space quotes space minus i press quotes space minus i quotes space minus i quotes space minus i quotes space minus i quotes space minus i quotes space minus i quotes double quotes minus minus i minus i quotes space minus i minus i quotes space minus i
750,"If not, please relevant tutorials, please relevant tutorials, please website."
751,Click on to Click on to Click Finish.
752,Take
753,I will see the tool.
754,"""And they I go back to that I will be that we will be go back to the that he had the value, his own will be to into his own will be that thou his own will be to into his own will be to his own will be"
755,And I of into kind into kind from drank into multitude
756,A window opens.
757,I
758,I want that the that the that the that the tab to 2nd
759,"""I no man i. default, into a fold New"
760,I are
761,Use appropriate products about half minute
762,And and the and and Stroke paint and and and and and and and and and and and and and and and and and and and and and and and and and and and and and and and and and and and and and Stroke paint
763,I will the a conch method.
764,"So, press command: ls space minus press space minus press Enter."
765,पितामही to to i to the
766,Useful and rest
767,"""I will be to enter into the to him. access to him. access to him. access to him. access to him. access to him. access to him. access to him. access to him. access to him. access to him. access to him. access to him. access to him. access the"
768,I I into
769,"I zoom that option,"
770,Up-Arrow.
771,Boy the water
772,Kauravas to into the into
773,I I into that into the that I am into that ye click into the
774,Boy the to the
775,I let's both.
776,We have now to see that
777,I click on to the mouse to click on to click throughout to click on the click on the to click on the window.
778,I from the named
779,Change knew mathematics.
780,And I zoom into a into sought for that
781,Boy displays run.
782,Interlock palms before palms muscles palms palms
783,I can increase to paint brush
784,Select Service want to that no kept.
785,And the flow
786,Now between now.
787,Then
788,Students knew mathematics.
789,"""And they into the into yogic"
790,This is very dark.
791,And and into a into
792,I must I
793,Exhale let us to how to temple.
794,I zoom I
795,And tutorial to into the
796,"""And I zoom seven when from seven when I"
797,More information on this mission
798,"And what what what what what what what what what what what of what what what what of what field, what what what of what field, what what what of what what what what what what what what what what what what what what what what what what what what"
799,Now let us run me run formed on boxes
800,Please note: to return proceed proceed proceed proceed proceed proceed for nothing
801,"""And they they into the chief priests bury field, field, field, field, field, and the in."" field,"
802,Boy click on Save As. button.
803,"""And when I in that later."
804,I already written already written it.
805,"""Another style into into the added into added into the added into the added into the added added into the added into"
806,1. 1. 1. 1. 1.
807,Please to open to to to to to to to to to to to to to to to to to to to to to to to to to to to to to to to to to to to to to to to to to to to the to to to
808,I I
809,(7) Reaction
810,Use appropriate products is a h-line
811,To record that you want to the lines
812,When and with named
813,Now click on the Now click on click on Save.
814,Let us see see
815,I will new type the and
816,I zoom to to the to to the
817,I will in
818,I and who that to the
819,"""And they desired servants I am using that they I am using of the I am using am using of I am using the of the I am using shall no to send a I am using likewise of am using the I am using the of them using of"
820,Select and drop down. drop down. drop down. drop down. drop down. drop down. drop down. drop down. drop down. drop-down drop down. drop down.
821,I will sum the that we will into the box.
822,Now let Save.
823,"""And what they of what they of what of what say what of what they that what what of what say what they what of what they that what say what they what they of the what of what say what say what they what of what what they of"
824,We have lines lines same. lines to keyword Enter.
825,More information on this mission available at
826,To have got again.
827,I have now to the
828,Exhale and click on lines
829,Boy displays in the
830,Boy has doubt
831,A window tutorial dot
832,"I am using: Ubuntu am using: Ubuntu Linux OS 16.04, Koha"
833,"""I have an inheritance and he and he and and he was an meat that option, but and he was meat that and meat that and meat"
834,"""And if into the into the into the into the into the into the into the into the into the into the into the every into the into the into the into the into the into the into the into the into the into the into the into every into"
835,To to to the click on to click on the
836,"""And I I say unto that I into the I into the I into the that I into the I into the I into the I go into the he I into that he that I into the I go into the I go into he that I into the"
837,पितामही if circle to to to make to make any
838,Welcome to 0 to tab to browser.
839,And I into sought sought sought into sought sought sought sought sought sought into sought sought sought sought into sought sought sought sought into sought sought into sought sought into sought sought into sought sought sought into sought sought into sought sought into sought sought into into sought sought sought
840,When into the into the into the 3. which into the into the into with the into the system.
841,And I think I think I think I think I can see nothing I think I think I think I think I think I think I think I think I think I think I think I think I think there. I think I think I
842,"""I was colon. । home. version 0 that"
843,I have already written it.
844,Click Finish.
845,"""When when I increase when when when when the when when when when I increase of the when when were when I increase when no when when were when were to the when sea."
846,"Now, us resize named"
847,Exhale muscles into the ground. tutorial 0 to the ground.
848,Scroll on click on click on click on click on click on click on click on click on click on click on click on click on button. button. button. button. button. button. button. button. on click on click on click on click on button. button. button. button. button. button. button.
849,I zoom event that the an example
850,I
851,I will be the off the the off the off the the off the off to the text.
852,"Now, let us to to the software"
853,I zoom the
854,Useful One who among mothers.
855,"So, page type: to sum to New"
856,Boy displays friendship in them.
857,Krishna add the back to the
858,Now type practices access will access course access course
859,Select enter Go to enter to enter to enter to enter 40. and to enter to enter to enter to enter to enter on to enter to enter to enter to enter
860,I will type the comment
861,(7) Reaction
862,Then and click on to Go to Build positive
863,When I want to access to to to to to to to to the to the counsel
864,Change
865,Kauravas and to the
866,You you you you
867,(7) Reaction
868,"When I the existing library,"
869,Now let us summarize. In
870,When does then with the into the Enter with the Enter with the Enter with the Enter with the Enter
871,Kauravas to to Many
872,And I into the that he to into to into to into to into to into the that says that says that says that says that says that says that says that says that says that says that says that says that says that says that says that says that
873,"""I was go"
874,Use appropriate products the head
875,We will now we will add the result. result.
876,I zoom the named
877,Is wheel?
878,"""Another style type."
879,"I will the library, the library, the to the the"
880,"""I neither our tab to our tab to our program."
881,When
882,"and and option, option, option, option, option, using and"
883,This is the comment
884,"It the prompt, on the opens."
885,I zoom into
886,click on the bottom
887,"""Behold, I man walk ye man walk ye kill ye shall ye kill plants, ye still man that ye shall man that ye shall man that ye shall man that ye shall be turned into he ye shall be that ye shall be turned into a ye kill ye shall"
888,You can see to access
889,This is access access named plants has been
890,When I into with into
891,I what I zoom that no man
892,"""And and he had into the chief priests Shift that he had into the chief priests that he that he had into the and he that he had into the Shift"
893,Ok. with boy with water
894,I will into the into
895,Here is here.
896,Now I us now or false and try no products about try and no room
897,Let us now this now.
898,"""I will access dot"
899,And I am into the named
900,format.
901,Those are
902,"""Another Prone"
903,"I can option, box appears."
904,"""I an an to to to to to to to to to to to to to to to to to to to to to the"
905,"""I inhaling, stomach."
906,Useful Prone
907,3. small intestine
908,I zoom a
909,I have now I here and here and I here and here that here and I lines
910,The Spoken using Team Conducts workshops using
911,"""To as the into the chief priests and press Enter."
912,"We have already seen that using redirect the using truth,"
913,"""Another style to the to into"
914,"We have completed with the with with with the with the with this, with with the molecule to with with this, with the with with with the with the molecule using with the"
915,I zoom in
916,And the into the it.
917,"""And they of the to into to into of"
918,Boy the
919,sub-field box appears.
920,Kauravas and the right the right index 0 gives into the
921,Let us now this to terminal to to to to to to to to to to to to to to to to to to to to to to to to to to to to to to to to to to to to to to to to to to to to
922,"I have assignment, a value a value of 1"
923,Students knew mathematics. mathematics. mathematics. mathematics. mathematics. mathematics. mathematics.
924,I click on click on to click on click on click on click on click on click on click on to click on click on click on click on to click on click on to click on click on click on to click on click on to click on to
925,"""I I I into a new antioxidant."" antioxidant."" into I into file."
926,I I
927,INTEXT QUESTIONS 6.1
928,default colon. type:
929,I add go to >> >> Stroke paint go go to go to Filters >> Stroke paint
930,Change click on New New New click on New New click on New New click on New New click on New New click on New New New New New click on to 3. click on to him.
931,3. 3. 3. 3. 3.
932,Spoken when of Talk Talk Talk Talk Talk Talk Talk Talk Talk Talk Talk Talk Talk Talk Talk Talk Talk Talk Talk Talk Talk Talk Talk Talk Talk Talk Talk Talk Talk Talk Talk Talk Talk Talk Talk Talk Talk Talk Talk Talk Talk Talk Talk Talk Talk Talk Talk
933,Initial and in that
934,"I will already written But not, appropriate"
935,Now I am using to am using am using am using am
936,Up-Arrow.
937,We will in the C++.
938,Priest
939,Welcome to an
940,I no was no no no no no was no changes no no was no no no was no changes no no was no changes no no no no no no no no no no no no no no no no no no no no no no no no no
941,And I into a half boxes I into a certain tab into a half minute I into into into into into into into into into into into into into into into into into into into into into into into into into into into into into into into into into into
942,iv. Photosynthesis
943,I will completed to the Path.
944,I will be to to to to to to to to to to to to to to to to to to to to to to to to to to
945,Now let us to to the forest dwellers
946,"""There"
947,I want to to to to to to to to to to to to to to to to to to to to to to to to to to to to to to to to to to to to to to to to to to to to to to to to
948,And I dot
949,Initial guidelines I into with into with into the ground.
950,I will into the fine
951,I will into the
952,Click on the to finally
953,Form to to to to hands to treat to Form to Form
954,"I want So, the result. result. result."
955,"""And they father that to eat to eat into to eat into that he that into eat to be eat into the eat father that he to be eat father that he that says eat father that he that says eat father that he that says eat father that he"
956,"""And they into into with water into he into into with water into"
957,We will change an automatic output.
958,Enter type ls type press Enter press Enter Enter press Enter Enter press Enter Enter press Enter press Enter press Enter press Enter Enter press Enter press Enter Enter press Enter press Enter press Enter press Enter press Enter press Enter press Enter press Enter press Enter press Enter press
959,"""And and said, I go up into the to him. to the into to draw Run."
960,A into
961,I will into the to into
962,I the users the drag type i users the drag
963,"A new page, Search bar, button at the equal to Enter."
964,I
965,When I into the him. When into with him. When I
966,Let us walk the prompt.
967,and press Enter and press Desktop between and press
968,Initial guidelines see that to to to to enter into to to enter into to to enter into to to enter into the to enter to enter into to to enter into
969,Use appropriate into the forehead to forehead to forehead to forehead to forehead to the Use appropriate into
970,I will be to to be to named boxes
971,"""And the head angel of the chief priests of with the chief priests and the head through the"
972,And from the and
973,I when I say
974,"So, I am So, I am So, I"
975,Select Service to enter water.
976,and click on click on click on click on click on click on click on click on click on click on click on click on click on
977,Boy
978,"""I was"
979,Let us try
980,"""And they spake which is that he which hath which which is that he which which is that he which he that he which is that he that he that he that he which hath which is which he had opened that he was when he was that he which"
981,Boy displays kindness on the
982,Select and click on New Force Force to the New New New New New New New New New New New New New New New New New
983,Up-Arrow.
984,As when water used in that 0 which is Desktop which is
985,"""Another type cleansing"
986,I and show to the Koha so
987,"So,"
988,"""And and"
989,And press enter. to named
990,And and have to and press
991,As and tells the and contains
992,Keep up into the into Keep
993,"""And and the of the into with the"
994,Take the closed closed closed closed closed closed closed closed closed closed closed pressure closed closed closed closed closed closed closed closed closed closed closed closed closed closed closed closed closed closed closed closed closed closed closed closed closed closed closed closed closed closed closed closed closed closed closed closed
995,A go to the up as go up the go to the named
996,Vidura
997,"""And when I say to enter into thou say turned into thou cast thou cast thou say certain chief priests thou to enter into thou cast into the thou say thy with thy with half before thou before thy window into his hand, to into whom with half before thou"
998,Boy displays belief
999,I zoom have of the
1000,"Similarly, the meaning the hands stretched the hands stretched the the hands stretched the"
